downcased,clean
Adrian Augustine Thomas,Adrian Augustine Thomas
Andy Williams,Andy Williams
Claudette Joseph,Claudette Joseph
David Evlyn Andrew,David Evlyn Andrew
Dennis Cornwall,Dennis Cornwall
Dickon Mitchell,Dickon Mitchell
Gayton Jonathan Lacrette,Gayton Jonathan Lacrette
Gloria Ann Thomas,Gloria Ann Thomas
Kerryne Zennelle James,Kerryne Zennelle James
Lennox John Andrews,Lennox John Andrews
Phillip Alfred Telesford,Phillip Alfred Telesford
Ron Livingston Redhead,Ron Livingston Redhead
Tevin Andrews,Tevin Andrews
